{
    "N": 64,
    "n": 6,
    "K": 20,
    "frozen": [
        57,
        54,
        19,
        13,
        35,
        58,
        21,
        60,
        37,
        14,
        25,
        22,
        41,
        38,
        49,
        3,
        26,
        42,
        28,
        50,
        5,
        44,
        52,
        56,
        9,
        6,
        17,
        33,
        10,
        18,
        34,
        12,
        20,
        36,
        24,
        40,
        48,
        1,
        2,
        4,
        8,
        16,
        32,
        0
    ],
    "construction_type": "bb",
    "punct_flag": false,
    "punct_type": "",
    "punct_set": [],
    "source_set": [],
    "punct_algorithm": "",
    "update_frozen_flag": null,
    "BER": [
        0.0695,
        0.0263,
        0.005643939393939394,
        0.0016051977832982993
    ],
    "FER": [
        0.204,
        0.085,
        0.022727272727272728,
        0.005732849226065355
    ],
    "SNR": [
        1,
        2,
        3,
        4
    ]
}